Unnamed: 0,Unnamed: 0.1,Unnamed: 0.1.1,Unnamed: 0.1.1.1,Unnamed: 0.1.1.1.1,Unnamed: 0.1.1.1.1.1,Unnamed: 0.1.1.1.1.1.1,Unnamed: 0.1.1.1.1.1.1.1,Unnamed: 0.1.1.1.1.1.1.1.1,Unnamed: 0.1.1.1.1.1.1.1.1.1,Unnamed: 0.1.1.1.1.1.1.1.1.1.1,Unnamed: 0.1.1.1.1.1.1.1.1.1.1.1,Unnamed: 0.1.1.1.1.1.1.1.1.1.1.1.1,Unnamed: 0.1.1.1.1.1.1.1.1.1.1.1.1.1,Unnamed: 0.1.1.1.1.1.1.1.1.1.1.1.1.1.1,Unnamed: 0.1.1.1.1.1.1.1.1.1.1.1.1.1.1.1,Unnamed: 0.1.1.1.1.1.1.1.1.1.1.1.1.1.1.1.1,Unnamed: 0.1.1.1.1.1.1.1.1.1.1.1.1.1.1.1.1.1,Unnamed: 0.1.1.1.1.1.1.1.1.1.1.1.1.1.1.1.1.1.1,Unnamed: 0.1.1.1.1.1.1.1.1.1.1.1.1.1.1.1.1.1.1.1,Unnamed: 0.1.1.1.1.1.1.1.1.1.1.1.1.1.1.1.1.1.1.1.1,Unnamed: 0.1.1.1.1.1.1.1.1.1.1.1.1.1.1.1.1.1.1.1.1.1,Unnamed: 0.1.1.1.1.1.1.1.1.1.1.1.1.1.1.1.1.1.1.1.1.1.1,Unnamed: 0.1.1.1.1.1.1.1.1.1.1.1.1.1.1.1.1.1.1.1.1.1.1.1,Unnamed: 0.1.1.1.1.1.1.1.1.1.1.1.1.1.1.1.1.1.1.1.1.1.1.1.1,Unnamed: 0.1.1.1.1.1.1.1.1.1.1.1.1.1.1.1.1.1.1.1.1.1.1.1.1.1,Unnamed: 0.1.1.1.1.1.1.1.1.1.1.1.1.1.1.1.1.1.1.1.1.1.1.1.1.1.1,Unnamed: 0.1.1.1.1.1.1.1.1.1.1.1.1.1.1.1.1.1.1.1.1.1.1.1.1.1.1.1,word,type,wordfreq_freq,is_saved,Euclidian_APD_x,cosine_APD_x,combined_APD_x,Euclidian_APD_y,cosine_APD_y,combined_APD_y
0,0,0,0,0,0,0,0,0,0,0,0,0,0,0,0,0,0,0,0,0,0,0,0,0,0,0,0,peeps,slang,1.26e-06,True,151.21237182617188,0.9910233886912464,0.7329324229119661,,,
1,1,1,1,1,1,1,1,1,1,1,1,1,1,1,1,1,1,1,1,1,1,1,1,1,1,1,1,compo,slang,2.14e-07,True,157.54054260253906,0.9997784477454844,0.7387198708677083,,,
2,2,2,2,2,2,2,2,2,2,2,2,2,2,2,2,2,2,2,2,2,2,2,2,2,2,2,2,hasbian,slang,0.0,True,147.58444213867188,0.980108842253685,0.7247305855709372,,,
3,3,3,3,3,3,3,3,3,3,3,3,3,3,3,3,3,3,3,3,3,3,3,3,3,3,3,3,mozzie,slang,7.08e-08,True,141.39984130859375,0.9769114330410956,0.7215207832890337,,,
4,4,4,4,4,4,4,4,4,4,4,4,4,4,4,4,4,4,4,4,4,4,4,4,4,4,4,4,soused,slang,5.37e-08,True,154.8769989013672,0.9983713144902141,0.7392309497808556,,,
5,5,5,5,5,5,5,5,5,5,5,5,5,5,5,5,5,5,5,5,5,5,5,5,5,5,5,5,conniption,slang,4.5700000000000006e-08,True,152.56861877441406,0.9963205379899592,0.7313824995050533,,,
6,6,6,6,6,6,6,6,6,6,6,6,6,6,6,6,6,6,6,6,6,6,6,6,6,6,6,6,workaround,slang,5.13e-07,True,153.3636932373047,0.9989017090993002,0.7366744111300572,,,
7,7,7,7,7,7,7,7,7,7,7,7,7,7,7,7,7,7,7,7,7,7,7,7,7,7,7,7,fap,slang,6.17e-07,True,147.4660186767578,0.9960937188006938,0.7350255270593834,,,
8,8,8,8,8,8,8,8,8,8,8,8,8,8,8,8,8,8,8,8,8,8,8,8,8,8,8,8,lemme,slang,1.55e-06,True,144.35032653808594,0.9859689809381962,0.724374239998042,,,
9,9,9,9,9,9,9,9,9,9,9,9,9,9,9,9,9,9,9,9,9,9,9,9,9,9,9,9,shiznat,slang,0.0,True,,,,,,
10,10,10,10,10,10,10,10,10,10,10,10,10,10,10,10,10,10,10,10,10,10,10,10,10,10,10,10,shiesty,slang,0.0,True,161.8160400390625,1.013090760447085,0.7481939457779212,,,
11,11,11,11,11,11,11,11,11,11,11,11,11,11,11,11,11,11,11,11,11,11,11,11,11,11,11,11,gayborhood,slang,2.04e-08,True,,,,,,
12,12,12,12,12,12,12,12,12,12,12,12,12,12,12,12,12,12,12,12,12,12,12,12,12,12,12,12,spec-ops,slang,2.41e-06,True,151.76783752441406,0.984011486172676,0.7248735844265835,,,
13,13,13,13,13,13,13,13,13,13,13,13,13,13,13,13,13,13,13,13,13,13,13,13,13,13,13,13,sicc,slang,2.4e-08,True,156.2093048095703,0.9992079978110268,0.7393882360814596,,,
14,14,14,14,14,14,14,14,14,14,14,14,14,14,14,14,14,14,14,14,14,14,14,14,14,14,14,14,wut,slang,1.02e-06,True,140.63455200195312,0.982930889353156,0.7238056772072268,,,
15,15,15,15,15,15,15,15,15,15,15,15,15,15,15,15,15,15,15,15,15,15,15,15,15,15,15,15,sesh,slang,2.82e-07,True,147.61898803710938,0.9912753757089376,0.7333656346297622,,,
16,16,16,16,16,16,16,16,16,16,16,16,16,16,16,16,16,16,16,16,16,16,16,16,16,16,16,16,trisexual,slang,0.0,True,153.66351318359375,0.9874390810728072,0.7263495418270929,,,
17,17,17,17,17,17,17,17,17,17,17,17,17,17,17,17,17,17,17,17,17,17,17,17,17,17,17,17,motherfucking,slang,1.74e-06,True,150.07005310058594,0.978660276159644,0.715046576978535,,,
18,18,18,18,18,18,18,18,18,18,18,18,18,18,18,18,18,18,18,18,18,18,18,18,18,18,18,18,a-list,slang,0.000189,True,153.82058715820312,0.9975648864638059,0.7387833753728688,,,
19,19,19,19,19,19,19,19,19,19,19,19,19,19,19,19,19,19,19,19,19,19,19,19,19,19,19,19,spec,slang,3.89e-06,True,153.90567016601562,0.9988576619653032,0.7408575619559893,,,
21,21,21,21,21,21,21,21,21,21,21,21,21,21,21,21,21,21,21,21,21,21,21,21,21,21,21,21,gangsta,slang,1.02e-06,True,153.7386474609375,0.9977793623693288,0.7362451061783234,,,
22,22,22,22,22,22,22,22,22,22,22,22,22,22,22,22,22,22,22,22,22,22,22,22,22,22,22,22,horribad,slang,0.0,True,155.66519165039062,0.9934754096902908,0.7320187480311042,,,
23,23,23,23,23,23,23,23,23,23,23,23,23,23,23,23,23,23,23,23,23,23,23,23,23,23,23,23,twit,slang,5.5e-07,True,151.08396911621094,0.989124503917992,0.7289329905562609,,,
24,24,24,24,24,24,24,24,24,24,24,24,24,24,24,24,24,24,24,24,24,24,24,24,24,24,24,24,zooted,slang,1.48e-08,True,149.9628143310547,0.9949748069047928,0.7354916279048422,,,
25,25,25,25,25,25,25,25,25,25,25,25,25,25,25,25,25,25,25,25,25,25,25,25,25,25,25,25,lame-o,slang,8.35e-06,True,150.15106201171875,0.9867221526801586,0.7271643724100852,,,
26,26,26,26,26,26,26,26,26,26,26,26,26,26,26,26,26,26,26,26,26,26,26,26,26,26,26,26,Bible-thumping,slang,1.39e-06,True,,,,,,
27,27,27,27,27,27,27,27,27,27,27,27,27,27,27,27,27,27,27,27,27,27,27,27,27,27,27,27,shtick,slang,3.310000000000001e-07,True,156.29669189453125,0.9998590050527127,0.7423077802410858,,,
28,28,28,28,28,28,28,28,28,28,28,28,28,28,28,28,28,28,28,28,28,28,28,28,28,28,28,28,whooty,slang,0.0,True,,,,,,
29,29,29,29,29,29,29,29,29,29,29,29,29,29,29,29,29,29,29,29,29,29,29,29,29,29,29,29,okee-doke,slang,3.3e-08,True,,,,,,
30,30,30,30,30,30,30,30,30,30,30,30,30,30,30,30,30,30,30,30,30,30,30,30,30,30,30,30,next-level,slang,0.00017,True,,,,,,
31,31,31,31,31,31,31,31,31,31,31,31,31,31,31,31,31,31,31,31,31,31,31,31,31,31,31,31,duckface,slang,7.08e-08,True,141.88441467285156,0.9698229320347308,0.7139569690822576,,,
32,32,32,32,32,32,32,32,32,32,32,32,32,32,32,32,32,32,32,32,32,32,32,32,32,32,32,32,tweeker,slang,1.95e-08,True,150.62623596191406,0.9932825337164104,0.7278260322236393,,,
33,33,33,33,33,33,33,33,33,33,33,33,33,33,33,33,33,33,33,33,33,33,33,33,33,33,33,33,blowjob,slang,2.24e-06,True,156.09454345703125,1.0009317988879047,0.7391515929862789,,,
34,34,34,34,34,34,34,34,34,34,34,34,34,34,34,34,34,34,34,34,34,34,34,34,34,34,34,34,dis,slang,5.37e-06,True,152.68408203125,1.0014491562033072,0.7404748938946248,,,
35,35,35,35,35,35,35,35,35,35,35,35,35,35,35,35,35,35,35,35,35,35,35,35,35,35,35,35,crappy,slang,3.16e-06,True,149.28884887695312,0.9915619185194372,0.7337163147634059,,,
36,36,36,36,36,36,36,36,36,36,36,36,36,36,36,36,36,36,36,36,36,36,36,36,36,36,36,36,spam,slang,1.12e-05,True,151.86660766601562,0.9920929707586764,0.7340850008826171,,,
37,37,37,37,37,37,37,37,37,37,37,37,37,37,37,37,37,37,37,37,37,37,37,37,37,37,37,37,gunt,slang,3.31e-08,True,153.53955078125,1.0114892767742276,0.7430878299745052,,,
38,38,38,38,38,38,38,38,38,38,38,38,38,38,38,38,38,38,38,38,38,38,38,38,38,38,38,38,rehab,slang,6.17e-06,True,156.7023162841797,1.0003041206509806,0.7406523306935052,,,
39,39,39,39,39,39,39,39,39,39,39,39,39,39,39,39,39,39,39,39,39,39,39,39,39,39,39,39,pregos,slang,0.0,True,156.09080505371094,0.9957635402679444,0.7349089036272474,,,
40,40,40,40,40,40,40,40,40,40,40,40,40,40,40,40,40,40,40,40,40,40,40,40,40,40,40,40,bromance,slang,4.17e-07,True,143.90243530273438,0.982758240774274,0.7270888552592016,,,
41,41,41,41,41,41,41,41,41,41,41,41,41,41,41,41,41,41,41,41,41,41,41,41,41,41,41,41,dafuq,slang,2.82e-07,True,,,,,,
42,42,42,42,42,42,42,42,42,42,42,42,42,42,42,42,42,42,42,42,42,42,42,42,42,42,42,42,YooKay,slang,0.0,False,,,,,,
43,43,43,43,43,43,43,43,43,43,43,43,43,43,43,43,43,43,43,43,43,43,43,43,43,43,43,43,bumfuck,slang,2.69e-08,True,151.5114288330078,0.9877298446372152,0.7259344007587611,,,
44,44,44,44,44,44,44,44,44,44,44,44,44,44,44,44,44,44,44,44,44,44,44,44,44,44,44,44,gotsta,slang,1.07e-08,True,153.18077087402344,0.994219746440649,0.7345889889516146,,,
45,45,45,45,45,45,45,45,45,45,45,45,45,45,45,45,45,45,45,45,45,45,45,45,45,45,45,45,whadja,slang,0.0,True,120.22000122070312,0.914862997829914,0.6738009496250403,,,
46,46,46,46,46,46,46,46,46,46,46,46,46,46,46,46,46,46,46,46,46,46,46,46,46,46,46,46,tenner,slang,4.07e-07,True,147.37997436523438,0.9864663360640408,0.7228441820373848,,,
47,47,47,47,47,47,47,47,47,47,47,47,47,47,47,47,47,47,47,47,47,47,47,47,47,47,47,47,poopy,slang,3.16e-07,True,147.0789794921875,0.982411677017808,0.7268126877350516,,,
48,48,48,48,48,48,48,48,48,48,48,48,48,48,48,48,48,48,48,48,48,48,48,48,48,48,48,48,roshambo,slang,0.0,True,152.0842742919922,0.9771760981529952,0.7184536201796567,,,
49,49,49,49,49,49,49,49,49,49,49,49,49,49,49,49,49,49,49,49,49,49,49,49,49,49,49,49,prettyful,slang,0.0,True,145.2953338623047,0.9760904796421528,0.7208076792787197,,,
50,50,50,50,50,50,50,50,50,50,50,50,50,50,50,50,50,50,50,50,50,50,50,50,50,50,50,50,jerkwad,slang,1.41e-08,True,153.63084411621094,0.9876998532563448,0.729512934015541,,,
51,51,51,51,51,51,51,51,51,51,51,51,51,51,51,51,51,51,51,51,51,51,51,51,51,51,51,51,skeevy,slang,5.13e-08,True,154.4179229736328,0.9883591718971728,0.7277458822709681,,,
52,52,52,52,52,52,52,52,52,52,52,52,52,52,52,52,52,52,52,52,52,52,52,52,52,52,52,52,Brotox,slang,0.0,True,,,,,,
53,53,53,53,53,53,53,53,53,53,53,53,53,53,53,53,53,53,53,53,53,53,53,53,53,53,53,53,linner,slang,1.74e-08,True,,,,,,
54,54,54,54,54,54,54,54,54,54,54,54,54,54,54,54,54,54,54,54,54,54,54,54,54,54,54,54,badass,slang,5.13e-06,True,154.5882110595703,0.9923859229311348,0.7329733288189019,,,
55,55,55,55,55,55,55,55,55,55,55,55,55,55,55,55,55,55,55,55,55,55,55,55,55,55,55,55,skyrocket,slang,6.17e-07,True,158.27088928222656,1.0098290871828794,0.7464771150580729,,,
56,56,56,56,56,56,56,56,56,56,56,56,56,56,56,56,56,56,56,56,56,56,56,56,56,56,56,56,snitch,slang,1.26e-06,True,155.85574340820312,0.9927911851555108,0.7357368278959826,,,
57,57,57,57,57,57,57,57,57,57,57,57,57,57,57,57,57,57,57,57,57,57,57,57,57,57,57,57,bro,slang,2.51e-05,True,141.7179718017578,0.978072913363576,0.7214544952929567,,,
58,58,58,58,58,58,58,58,58,58,58,58,58,58,58,58,58,58,58,58,58,58,58,58,58,58,58,58,chones,slang,1.05e-08,True,153.74227905273438,0.9926204127259552,0.7338825584679484,,,
59,59,59,59,59,59,59,59,59,59,59,59,59,59,59,59,59,59,59,59,59,59,59,59,59,59,59,59,celebutante,slang,0.0,True,,,,,,
60,60,60,60,60,60,60,60,60,60,60,60,60,60,60,60,60,60,60,60,60,60,60,60,60,60,60,60,colitas,slang,0.0,True,138.34695434570312,0.9383628331124784,0.6872712598833497,,,
61,61,61,61,61,61,61,61,61,61,61,61,61,61,61,61,61,61,61,61,61,61,61,61,61,61,61,61,pedo,slang,6.92e-07,True,160.93991088867188,1.0009335536160506,0.7385067782504922,,,
62,62,62,62,62,62,62,62,62,62,62,62,62,62,62,62,62,62,62,62,62,62,62,62,62,62,62,62,crowdsourcing,slang,4.9e-07,True,,,,,,
63,63,63,63,63,63,63,63,63,63,63,63,63,63,63,63,63,63,63,63,63,63,63,63,63,63,63,63,tardnation,slang,0.0,True,,,,,,
64,64,64,64,64,64,64,64,64,64,64,64,64,64,64,64,64,64,64,64,64,64,64,64,64,64,64,64,roofie,slang,7.08e-08,True,150.65147399902344,0.9856850542128086,0.7245141968764972,,,
65,65,65,65,65,65,65,65,65,65,65,65,65,65,65,65,65,65,65,65,65,65,65,65,65,65,65,65,mosey,slang,1.51e-07,True,156.7121124267578,1.0034940470941365,0.7423795987173745,,,
66,66,66,66,66,66,66,66,66,66,66,66,66,66,66,66,66,66,66,66,66,66,66,66,66,66,66,66,gorp,slang,3.31e-08,True,159.8895263671875,0.9934749989770352,0.7347890779498284,,,
67,67,67,67,67,67,67,67,67,67,67,67,67,67,67,67,67,67,67,67,67,67,67,67,67,67,67,67,punanni,slang,0.0,True,,,,,,
68,68,68,68,68,68,68,68,68,68,68,68,68,68,68,68,68,68,68,68,68,68,68,68,68,68,68,68,shart,slang,9.12e-08,True,151.16090393066406,0.9919941350817679,0.7320310547871662,,,
69,69,69,69,69,69,69,69,69,69,69,69,69,69,69,69,69,69,69,69,69,69,69,69,69,69,69,69,glitterati,slang,6.46e-08,True,163.6202850341797,1.0070066088810563,0.7440687076356665,,,
70,70,70,70,70,70,70,70,70,70,70,70,70,70,70,70,70,70,70,70,70,70,70,70,70,70,70,70,relly,slang,5.75e-08,True,149.6968231201172,0.9871543711051344,0.7304990748844093,,,
71,71,71,71,71,71,71,71,71,71,71,71,71,71,71,71,71,71,71,71,71,71,71,71,71,71,71,71,dang,slang,4.47e-06,True,133.51493835449222,0.9807559251785278,0.7204038421780096,,,
72,72,72,72,72,72,72,72,72,72,72,72,72,72,72,72,72,72,72,72,72,72,72,72,72,72,72,72,thingamabob,slang,1.48e-08,True,158.31106567382812,0.9959507919847964,0.7376289309530819,,,
73,73,73,73,73,73,73,73,73,73,73,73,73,73,73,73,73,73,73,73,73,73,73,73,73,73,73,73,jalopy,slang,7.76e-08,True,159.68740844726562,0.9964733831584454,0.7372336140352136,,,
74,74,74,74,74,74,74,74,74,74,74,74,74,74,74,74,74,74,74,74,74,74,74,74,74,74,74,74,jabroni,slang,5.13e-08,True,152.79405212402344,0.9833677299320698,0.7249551926577467,,,
75,75,75,75,75,75,75,75,75,75,75,75,75,75,75,75,75,75,75,75,75,75,75,75,75,75,75,75,meme,slang,8.13e-06,True,149.94532775878906,0.9875970762223004,0.7306391415995424,,,
76,76,76,76,76,76,76,76,76,76,76,76,76,76,76,76,76,76,76,76,76,76,76,76,76,76,76,76,netizen,slang,1.45e-07,True,158.23255920410156,0.9975596105214208,0.738754475714904,,,
77,77,77,77,77,77,77,77,77,77,77,77,77,77,77,77,77,77,77,77,77,77,77,77,77,77,77,77,slore,slang,0.0,True,153.09474182128906,0.9868115335702896,0.7273521161500947,,,
78,78,78,78,78,78,78,78,78,78,78,78,78,78,78,78,78,78,78,78,78,78,78,78,78,78,78,78,flutterby,slang,1.58e-08,True,,,,,,
79,79,79,79,79,79,79,79,79,79,79,79,79,79,79,79,79,79,79,79,79,79,79,79,79,79,79,79,blumpkin,slang,1.45e-08,True,141.8972625732422,0.9744874853640796,0.7193258481162841,,,
80,80,80,80,80,80,80,80,80,80,80,80,80,80,80,80,80,80,80,80,80,80,80,80,80,80,80,80,plastered,slang,1.51e-06,True,159.10726928710938,0.9989171634661034,0.7398815018047074,,,
81,81,81,81,81,81,81,81,81,81,81,81,81,81,81,81,81,81,81,81,81,81,81,81,81,81,81,81,Baltimoron,slang,0.0,True,,,,,,
82,82,82,82,82,82,82,82,82,82,82,82,82,82,82,82,82,82,82,82,82,82,82,82,82,82,82,82,nuker,slang,0.0,True,156.0828857421875,1.0032594979275018,0.7403531273638644,,,
83,83,83,83,83,83,83,83,83,83,83,83,83,83,83,83,83,83,83,83,83,83,83,83,83,83,83,83,dudette,slang,3.31e-08,True,133.56367492675778,0.9588317163288592,0.7102431996416941,,,
84,84,84,84,84,84,84,84,84,84,84,84,84,84,84,84,84,84,84,84,84,84,84,84,84,84,84,84,fanboy,slang,8.51e-07,True,161.2570037841797,0.9969738475047052,0.7372730511287084,,,
85,85,85,85,85,85,85,85,85,85,85,85,85,85,85,85,85,85,85,85,85,85,85,85,85,85,85,85,zories,slang,0.0,True,,,,,,
86,86,86,86,86,86,86,86,86,86,86,86,86,86,86,86,86,86,86,86,86,86,86,86,86,86,86,86,rapey,slang,1.32e-07,True,157.99850463867188,0.991972604766488,0.7276129542927336,,,
87,87,87,87,87,87,87,87,87,87,87,87,87,87,87,87,87,87,87,87,87,87,87,87,87,87,87,87,incel,slang,9.77e-08,True,,,,,,
88,88,88,88,88,88,88,88,88,88,88,88,88,88,88,88,88,88,88,88,88,88,88,88,88,88,88,88,preemie,slang,1.15e-07,True,155.35081481933594,0.9940042528323828,0.7339024447486191,,,
89,89,89,89,89,89,89,89,89,89,89,89,89,89,89,89,89,89,89,89,89,89,89,89,89,89,89,89,McDreamy,slang,5.75e-08,True,151.48074340820312,0.9816670473665,0.7256584697444612,,,
90,90,90,90,90,90,90,90,90,90,90,90,90,90,90,90,90,90,90,90,90,90,90,90,90,90,90,90,sucky,slang,4.07e-07,True,153.49050903320312,0.9864804716780782,0.7257989706778587,,,
91,91,91,91,91,91,91,91,91,91,91,91,91,91,91,91,91,91,91,91,91,91,91,91,91,91,91,91,sinse,slang,1.17e-08,True,159.6840362548828,0.9993870599428192,0.7385133179943536,,,
92,92,92,92,92,92,92,92,92,92,92,92,92,92,92,92,92,92,92,92,92,92,92,92,92,92,92,92,wang,slang,8.91e-06,True,,,,,,
93,93,93,93,93,93,93,93,93,93,93,93,93,93,93,93,93,93,93,93,93,93,93,93,93,93,93,93,hypermiler,slang,0.0,True,,,,,,
94,94,94,94,94,94,94,94,94,94,94,94,94,94,94,94,94,94,94,94,94,94,94,94,94,94,94,94,fidiot,slang,0.0,True,,,,,,
95,95,95,95,95,95,95,95,95,95,95,95,95,95,95,95,95,95,95,95,95,95,95,95,95,95,95,95,bonehead,slang,1.91e-07,True,149.8673858642578,0.9818188678473234,0.7253801643029523,,,
96,96,96,96,96,96,96,96,96,96,96,96,96,96,96,96,96,96,96,96,96,96,96,96,96,96,96,96,blankie,slang,1.1e-07,True,160.10643005371094,0.9965406993869692,0.735655259117115,,,
97,97,97,97,97,97,97,97,97,97,97,97,97,97,97,97,97,97,97,97,97,97,97,97,97,97,97,97,sploof,slang,0.0,True,,,,,,
98,98,98,98,98,98,98,98,98,98,98,98,98,98,98,98,98,98,98,98,98,98,98,98,98,98,98,98,bupkis,slang,2.19e-08,True,165.63523864746094,1.0029363979119807,0.7408247356353554,,,
99,99,99,99,99,99,99,99,99,99,99,99,99,99,99,99,99,99,99,99,99,99,99,99,99,99,99,99,dogg,slang,1.41e-06,True,163.0991668701172,1.013069735839963,0.7492590751246855,,,
100,100,100,100,100,100,100,100,100,100,100,100,100,100,100,100,100,100,100,100,100,100,100,100,100,100,100,0,agenda,nonslang,2e-05,True,161.11415100097656,1.0064524640329182,0.7453901781716663,,,
101,101,101,101,101,101,101,101,101,101,101,101,101,101,101,101,101,101,101,101,101,101,101,101,101,101,101,1,weimaraner,nonslang,5.62e-08,True,,,,,,
102,102,102,102,102,102,102,102,102,102,102,102,102,102,102,102,102,102,102,102,102,102,102,102,102,102,102,2,lawlessness,nonslang,8.13e-07,True,157.46319580078125,1.0011138680856675,0.7386092318380535,,,
103,103,103,103,103,103,103,103,103,103,103,103,103,103,103,103,103,103,103,103,103,103,103,103,103,103,103,3,chug,nonslang,8.32e-07,True,146.80995178222656,0.986730839125812,0.7309788051203429,,,
104,104,104,104,104,104,104,104,104,104,104,104,104,104,104,104,104,104,104,104,104,104,104,104,104,104,104,4,nonskid,nonslang,1.55e-08,True,178.00146484375,1.0206930078566074,0.7582043945253498,,,
105,105,105,105,105,105,105,105,105,105,105,105,105,105,105,105,105,105,105,105,105,105,105,105,105,105,105,5,sympathizer,nonslang,3.89e-07,True,166.23374938964844,1.0027947621420026,0.7465614320159327,,,
106,106,106,106,106,106,106,106,106,106,106,106,106,106,106,106,106,106,106,106,106,106,106,106,106,106,106,6,despoil,nonslang,3.8e-08,True,161.2916259765625,1.0018275204347449,0.742224968684293,,,
107,107,107,107,107,107,107,107,107,107,107,107,107,107,107,107,107,107,107,107,107,107,107,107,107,107,107,7,milepost,nonslang,1.51e-07,True,172.5719757080078,1.010847253724933,0.7523356964409842,,,
108,108,108,108,108,108,108,108,108,108,108,108,108,108,108,108,108,108,108,108,108,108,108,108,108,108,108,8,vanadium,nonslang,3.63e-07,True,164.0631866455078,1.0031968862749636,0.7444075563726662,,,
109,109,109,109,109,109,109,109,109,109,109,109,109,109,109,109,109,109,109,109,109,109,109,109,109,109,109,9,competencies,nonslang,9.77e-07,True,160.33355712890625,1.0054407594725492,0.7419462964801089,,,
110,110,110,110,110,110,110,111,111,111,111,111,111,111,111,111,111,111,111,111,111,111,111,111,111,111,111,11,mushroom,nonslang,4.27e-06,True,153.9160919189453,0.9973689131438732,0.7376464449772204,,,
111,111,111,111,111,111,111,112,112,112,112,112,112,112,112,112,112,112,112,112,112,112,112,112,112,112,112,12,jugglers,nonslang,2.34e-07,True,156.4794464111328,0.9949286542832853,0.7358605970547905,,,
112,112,112,112,112,112,112,113,113,113,113,113,113,113,113,113,113,113,113,113,113,113,113,113,113,113,113,13,doubleheader,nonslang,3.720000000000001e-07,True,166.25804138183594,1.0038770302198827,0.7475454984714438,,,
113,113,113,113,113,113,113,114,114,114,114,114,114,114,114,114,114,114,114,114,114,114,114,114,114,114,114,14,decomposition,nonslang,1.82e-06,True,153.6222686767578,0.9953982345759868,0.7376917931516734,,,
114,114,114,114,114,114,114,115,115,115,115,115,115,115,115,115,115,115,115,115,115,115,115,115,115,115,115,15,rump,nonslang,1.12e-06,True,154.4591827392578,0.9999048437457532,0.7402643909296641,,,
115,115,115,115,115,115,115,116,116,116,116,116,116,116,116,116,116,116,116,116,116,116,116,116,116,116,116,16,heaviest,nonslang,2.24e-06,True,157.73744201660156,1.0009460028959438,0.7414622548837466,,,
116,116,116,116,116,116,116,117,117,117,117,117,117,117,117,117,117,117,117,117,117,117,117,117,117,117,117,17,echo,nonslang,1.1e-05,True,151.7380828857422,0.9948941636830568,0.7385665116670121,,,
117,117,117,117,117,117,117,118,118,118,118,118,118,118,118,118,118,118,118,118,118,118,118,118,118,118,118,18,unutilized,nonslang,2.4e-08,True,,,,,,
118,118,118,118,118,118,118,119,119,119,119,119,119,119,119,119,119,119,119,119,119,119,119,119,119,119,119,19,scallywag,nonslang,5.5e-08,True,152.078125,0.9891216345131396,0.7310876094794696,,,
119,119,119,119,119,119,119,120,120,120,120,120,120,120,120,120,120,120,120,120,120,120,120,120,120,120,120,20,peppy,nonslang,3.39e-07,True,156.21148681640625,0.9971709188539536,0.7389454385615264,,,
120,120,120,120,120,120,120,121,121,121,121,121,121,121,121,121,121,121,121,121,121,121,121,121,121,121,121,21,shield,nonslang,2e-05,True,156.4604034423828,1.001939554931596,0.7448870611945574,,,
121,121,121,121,121,121,121,122,122,122,122,122,122,122,122,122,122,122,122,122,122,122,122,122,122,122,122,22,rehabilitations,nonslang,2.82e-08,True,,,,,,
122,122,122,122,122,122,122,123,123,123,123,123,123,123,123,123,123,123,123,123,123,123,123,123,123,123,123,23,banzai,nonslang,2.19e-07,True,162.20167541503906,1.0036131495144218,0.7428219457162002,,,
123,123,123,123,123,123,123,124,124,124,124,124,124,124,124,124,124,124,124,124,124,124,124,124,124,124,124,24,pantsuit,nonslang,1.91e-07,True,158.73348999023438,1.000417736097006,0.7413736683021953,,,
124,124,124,124,124,124,124,125,125,125,125,125,125,125,125,125,125,125,125,125,125,125,125,125,125,125,125,25,legalist,nonslang,4.5700000000000006e-08,True,153.30746459960938,0.9858030993491412,0.7223434730411356,,,
125,125,125,125,125,125,125,126,126,126,126,126,126,126,126,126,126,126,126,126,126,126,126,126,126,126,126,26,moldovan,nonslang,2.88e-07,True,161.67953491210938,1.0134632028639317,0.7488661470582353,,,
126,126,126,126,126,126,126,127,127,127,127,127,127,127,127,127,127,127,127,127,127,127,127,127,127,127,127,27,reedbed,nonslang,1.29e-08,True,,,,,,
127,127,127,127,127,127,127,128,128,128,128,128,128,128,128,128,128,128,128,128,128,128,128,128,128,128,128,28,terrifies,nonslang,5.13e-07,True,147.7822723388672,0.9809243902564048,0.7209804452236029,,,
128,128,128,128,128,128,128,129,129,129,129,129,129,129,129,129,129,129,129,129,129,129,129,129,129,129,129,29,postural,nonslang,3.63e-07,True,162.76409912109375,1.0023020210210234,0.7420275526261257,,,
129,129,129,129,129,129,129,130,130,130,130,130,130,130,130,130,130,130,130,130,130,130,130,130,130,130,130,30,butane,nonslang,4.17e-07,True,160.13336181640625,1.005924409721047,0.7446208234486431,,,
130,130,130,130,130,130,130,131,131,131,131,131,131,131,131,131,131,131,131,131,131,131,131,131,131,131,131,31,alanine,nonslang,3.24e-07,True,,,,,,
131,131,131,131,131,131,131,132,132,132,132,132,132,132,132,132,132,132,132,132,132,132,132,132,132,132,132,32,grisly,nonslang,5.5e-07,True,159.31166076660156,1.0018000687705353,0.7387119494749319,,,
132,132,132,132,132,132,132,133,133,133,133,133,133,133,133,133,133,133,133,133,133,133,133,133,133,133,133,33,scheme,nonslang,3.72e-05,True,161.258056640625,1.0045226281508803,0.7484617826720475,,,
133,133,133,133,133,133,133,134,134,134,134,134,134,134,134,134,134,134,134,134,134,134,134,134,134,134,134,34,jute,nonslang,6.17e-07,True,158.89108276367188,1.002487431280315,0.7444218741906996,,,
134,134,134,134,134,134,134,135,135,135,135,135,135,135,135,135,135,135,135,135,135,135,135,135,135,135,135,35,anticlockwise,nonslang,8.91e-08,True,181.120361328125,1.0535486266016958,0.7746812732468532,,,
135,135,135,135,135,135,135,136,136,136,136,136,136,136,136,136,136,136,136,136,136,136,136,136,136,136,136,36,underrated,nonslang,4.07e-06,True,153.1884765625,0.998027834109962,0.7372237239771664,,,
136,136,136,136,136,136,136,137,137,137,137,137,137,137,137,137,137,137,137,137,137,137,137,137,137,137,137,37,uria,nonslang,3.16e-08,True,,,,,,
137,137,137,137,137,137,137,138,138,138,138,138,138,138,138,138,138,138,138,138,138,138,138,138,138,138,138,38,trampolining,nonslang,1e-07,True,147.29641723632812,0.9789617620408536,0.7234801216174306,,,
138,138,138,138,138,138,138,139,139,139,139,139,139,139,139,139,139,139,139,139,139,139,139,139,139,139,139,39,bicolour,nonslang,1.41e-08,True,,,,,,
139,139,139,139,139,139,139,140,140,140,140,140,140,140,140,140,140,140,140,140,140,140,140,140,140,140,140,40,awesome,nonslang,8.32e-05,True,142.77783203125,0.9817617610096931,0.7270758408070195,,,
140,140,140,140,140,140,140,141,141,141,141,141,141,141,141,141,141,141,141,141,141,141,141,141,141,141,141,41,humblest,nonslang,1.55e-07,True,154.78414916992188,0.99053187482059,0.7255129947305705,,,
141,141,141,141,141,141,141,142,142,142,142,142,142,142,142,142,142,142,142,142,142,142,142,142,142,142,142,42,galavant,nonslang,5.89e-08,True,159.67039489746094,0.9981689046835528,0.7364457476587893,,,
142,142,142,142,142,142,142,143,143,143,143,143,143,143,143,143,143,143,143,143,143,143,143,143,143,143,143,43,sailor,nonslang,6.03e-06,True,148.6875,0.9919649781659244,0.7344256753135308,,,
143,143,143,143,143,143,143,144,144,144,144,144,144,144,144,144,144,144,144,144,144,144,144,144,144,144,144,44,fiddled,nonslang,2.45e-07,True,156.77294921875,1.0143786817789078,0.7480781099461097,,,
144,144,144,144,144,144,144,145,145,145,145,145,145,145,145,145,145,145,145,145,145,145,145,145,145,145,145,45,intimidator,nonslang,5.25e-08,True,159.48878479003906,0.9965440838132054,0.7357844831830429,,,
145,145,145,145,145,145,145,146,146,146,146,146,146,146,146,146,146,146,146,146,146,146,146,146,146,146,146,46,hemosiderin,nonslang,1.66e-08,True,,,,,,
146,146,146,146,146,146,146,147,147,147,147,147,147,147,147,147,147,147,147,147,147,147,147,147,147,147,147,47,bright,nonslang,4.07e-05,True,156.67697143554688,0.9923629420809448,0.7364151299960866,,,
147,147,147,147,147,147,147,148,148,148,148,148,148,148,148,148,148,148,148,148,148,148,148,148,148,148,148,48,epilator,nonslang,4.9e-08,True,156.8520965576172,0.9925328204408288,0.7322513317409336,,,
148,148,148,148,148,148,148,149,149,149,149,149,149,149,149,149,149,149,149,149,149,149,149,149,149,149,149,49,sabertooth,nonslang,7.59e-08,True,155.7588348388672,0.9936248785816132,0.7342245350312622,,,
149,149,149,149,149,149,149,150,150,150,150,150,150,150,150,150,150,150,150,150,150,150,150,150,150,150,150,50,calorie,nonslang,3.89e-06,True,158.0489044189453,1.0003142215427945,0.7370436379289609,,,
150,150,150,150,150,150,150,151,151,151,151,151,151,151,151,151,151,151,151,151,151,151,151,151,151,151,151,51,conventionally,nonslang,1.17e-06,True,158.5430450439453,0.9933592905290424,0.7302594240853619,,,
151,151,151,151,151,151,151,152,152,152,152,152,152,152,152,152,152,152,152,152,152,152,152,152,152,152,152,52,telogen,nonslang,2.45e-08,True,160.4649200439453,1.0072931945323944,0.7376919759287833,,,
152,152,152,152,152,152,152,153,153,153,153,153,153,153,153,153,153,153,153,153,153,153,153,153,153,153,153,53,extravasated,nonslang,1.51e-08,True,,,,,,
153,153,153,153,153,153,153,154,154,154,154,154,154,154,154,154,154,154,154,154,154,154,154,154,154,154,154,54,deathblow,nonslang,4.68e-08,True,163.55215454101562,1.0019755610264838,0.7416046770227365,,,
154,154,154,154,154,154,154,155,155,155,155,155,155,155,155,155,155,155,155,155,155,155,155,155,155,155,155,55,repentant,nonslang,3.09e-07,True,156.48077392578125,0.9926060042344034,0.7290468289992977,,,
155,155,155,155,155,155,155,156,156,156,156,156,156,156,156,156,156,156,156,156,156,156,156,156,156,156,156,56,bedchambers,nonslang,2.04e-08,True,,,,,,
156,156,156,156,156,156,156,157,157,157,157,157,157,157,157,157,157,157,157,157,157,157,157,157,157,157,157,57,superabundance,nonslang,4.47e-08,True,158.60012817382812,1.0022740215063095,0.7374422080735313,,,
157,157,157,157,157,157,157,158,158,158,158,158,158,158,158,158,158,158,158,158,158,158,158,158,158,158,158,58,admitting,nonslang,6.31e-06,True,153.99034118652344,0.9944487367756664,0.7354560264268295,,,
158,158,158,158,158,158,158,159,159,159,159,159,159,159,159,159,159,159,159,159,159,159,159,159,159,159,159,59,dysthymic,nonslang,1.07e-08,True,,,,,,
159,159,159,159,159,159,159,160,160,160,160,160,160,160,160,160,160,160,160,160,160,160,160,160,160,160,160,60,scummiest,nonslang,1.55e-08,True,150.58851623535156,0.9930549180135132,0.7276223775753239,,,
160,160,160,160,160,160,160,161,161,161,161,161,161,161,161,161,161,161,161,161,161,161,161,161,161,161,161,61,strap,nonslang,6.17e-06,True,157.2552947998047,1.0010619178647175,0.7451044761757736,,,
161,161,161,161,161,161,161,162,162,162,162,162,162,162,162,162,162,162,162,162,162,162,162,162,162,162,162,62,guardian,nonslang,1.82e-05,True,,,,,,
162,162,162,162,162,162,162,163,163,163,163,163,163,163,163,163,163,163,163,163,163,163,163,163,163,163,163,63,shylock,nonslang,2.75e-07,True,153.95950317382812,0.9971721924375744,0.7365066386858576,,,
163,163,163,163,163,163,163,165,165,165,165,165,165,165,165,165,165,165,165,165,165,165,165,165,165,165,165,65,glutton,nonslang,2.82e-07,True,147.81468200683594,0.9846355505287648,0.7248134092345748,,,
164,164,164,164,164,164,164,166,166,166,166,166,166,166,166,166,166,166,166,166,166,166,166,166,166,166,166,66,squall,nonslang,4.68e-07,True,154.2758026123047,0.9913508677855134,0.7325215976044294,,,
165,165,165,165,165,165,165,167,167,167,167,167,167,167,167,167,167,167,167,167,167,167,167,167,167,167,167,67,antipathies,nonslang,1.95e-08,True,,,,,,
166,166,166,166,166,166,166,168,168,168,168,168,168,168,168,168,168,168,168,168,168,168,168,168,168,168,168,68,unicorn,nonslang,3.47e-06,True,153.39173889160156,0.993402421940118,0.7344288645369851,,,
167,167,167,167,167,167,167,169,169,169,169,169,169,169,169,169,169,169,169,169,169,169,169,169,169,169,169,69,underpainting,nonslang,2.4e-08,True,148.45455932617188,0.9777297992259264,0.7210470706043306,,,
168,168,168,168,168,168,168,170,170,170,170,170,170,170,170,170,170,170,170,170,170,170,170,170,170,170,170,70,morphology,nonslang,2.57e-06,True,158.79042053222656,1.0021346774883568,0.7452372178694678,,,
169,169,169,169,169,169,169,171,171,171,171,171,171,171,171,171,171,171,171,171,171,171,171,171,171,171,171,71,subtended,nonslang,5.37e-08,True,,,,,,
170,170,170,170,170,170,170,172,172,172,172,172,172,172,172,172,172,172,172,172,172,172,172,172,172,172,172,72,avoiders,nonslang,4.17e-08,True,165.12469482421875,1.0026084198616445,0.7391933594334996,,,
171,171,171,171,171,171,171,173,173,173,173,173,173,173,173,173,173,173,173,173,173,173,173,173,173,173,173,73,outlawing,nonslang,4.37e-07,True,157.16342163085938,0.9975754127372056,0.7355751856750099,,,
172,172,172,172,172,172,172,174,174,174,174,174,174,174,174,174,174,174,174,174,174,174,174,174,174,174,174,74,timbral,nonslang,3.31e-08,True,,,,,,
173,173,173,173,173,173,173,175,175,175,175,175,175,175,175,175,175,175,175,175,175,175,175,175,175,175,175,75,protocol,nonslang,1.41e-05,True,156.9430694580078,1.0005212441901676,0.7435159830629748,,,
174,174,174,174,174,174,174,176,176,176,176,176,176,176,176,176,176,176,176,176,176,176,176,176,176,176,176,76,cytometer,nonslang,2.19e-08,True,,,,,,
175,175,175,175,175,175,175,177,177,177,177,177,177,177,177,177,177,177,177,177,177,177,177,177,177,177,177,77,ignites,nonslang,5.13e-07,True,160.889892578125,1.0051491078920662,0.7433581441890441,,,
176,176,176,176,176,176,176,178,178,178,178,178,178,178,178,178,178,178,178,178,178,178,178,178,178,178,178,78,didot,nonslang,4.47e-08,True,155.7287139892578,0.9930208367295564,0.7345295251047381,,,
177,177,177,177,177,177,177,179,179,179,179,179,179,179,179,179,179,179,179,179,179,179,179,179,179,179,179,79,sculptured,nonslang,3.09e-07,True,156.65750122070312,0.999295188114047,0.7401030286355093,,,
178,178,178,178,178,178,178,180,180,180,180,180,180,180,180,180,180,180,180,180,180,180,180,180,180,180,180,80,committeeman,nonslang,1.55e-07,True,166.94161987304688,1.0040356512181459,0.7466526242628586,,,
179,179,179,179,179,179,179,181,181,181,181,181,181,181,181,181,181,181,181,181,181,181,181,181,181,181,181,81,snug,nonslang,1.26e-06,True,152.56076049804688,0.9966176121961324,0.7395951347127745,,,
180,180,180,180,180,180,180,182,182,182,182,182,182,182,182,182,182,182,182,182,182,182,182,182,182,182,182,82,paleontology,nonslang,6.17e-07,True,,,,,,
181,181,181,181,181,181,181,183,183,183,183,183,183,183,183,183,183,183,183,183,183,183,183,183,183,183,183,83,mistreatment,nonslang,9.55e-07,True,158.71778869628906,1.0058912634849548,0.7430666523158251,,,
182,182,182,182,182,182,182,184,184,184,184,184,184,184,184,184,184,184,184,184,184,184,184,184,184,184,184,84,greeting,nonslang,4.79e-06,True,156.1260223388672,1.0017069168388844,0.7448227215002048,,,
184,184,184,184,184,184,184,186,186,186,186,186,186,186,186,186,186,186,186,186,186,186,186,186,186,186,186,86,sensuousness,nonslang,2.9500000000000013e-08,True,,,,,,
185,185,185,185,185,185,185,187,187,187,187,187,187,187,187,187,187,187,187,187,187,187,187,187,187,187,187,87,groans,nonslang,8.51e-07,True,167.0294647216797,1.0018712411401791,0.7445569643145307,,,
186,186,186,186,186,186,186,188,188,188,188,188,188,188,188,188,188,188,188,188,188,188,188,188,188,188,188,88,unlike,nonslang,3.72e-05,True,157.2288360595703,0.9985560016939417,0.7397198849812043,,,
187,187,187,187,187,187,187,189,189,189,189,189,189,189,189,189,189,189,189,189,189,189,189,189,189,189,189,89,unmatched,nonslang,1.35e-06,True,154.47267150878906,1.0016340254805982,0.7440809193151896,,,
188,188,188,188,188,188,188,190,190,190,190,190,190,190,190,190,190,190,190,190,190,190,190,190,190,190,190,90,steeple,nonslang,5.5e-07,True,155.75753784179688,0.9945295955985785,0.7344794684376671,,,
189,189,189,189,189,189,189,191,191,191,191,191,191,191,191,191,191,191,191,191,191,191,191,191,191,191,191,91,estimated,nonslang,4.17e-05,True,163.40069580078125,1.0057304240763187,0.7481290378560117,,,
190,190,190,190,190,190,190,192,192,192,192,192,192,192,192,192,192,192,192,192,192,192,192,192,192,192,192,92,contenders,nonslang,2.69e-06,True,158.3123321533203,1.0010003431234509,0.7444193265524806,,,
191,191,191,191,191,191,191,193,193,193,193,193,193,193,193,193,193,193,193,193,193,193,193,193,193,193,193,93,allotted,nonslang,1.91e-06,True,161.75762939453125,1.0034202996175736,0.7446526198108625,,,
192,192,192,192,192,192,192,194,194,194,194,194,194,194,194,194,194,194,194,194,194,194,194,194,194,194,194,94,conferral,nonslang,5.13e-08,True,,,,,,
193,193,193,193,193,193,193,195,195,195,195,195,195,195,195,195,195,195,195,195,195,195,195,195,195,195,195,95,enhancements,nonslang,1.45e-06,True,159.04550170898438,1.0041468543931842,0.7465371264260412,,,
194,194,194,194,194,194,194,196,196,196,196,196,196,196,196,196,196,196,196,196,196,196,196,196,196,196,196,96,rufescent,nonslang,1.41e-08,True,,,,,,
195,195,195,195,195,195,195,197,197,197,197,197,197,197,197,197,197,197,197,197,197,197,197,197,197,197,197,97,copyediting,nonslang,3.24e-08,True,150.13409423828125,0.987652836367488,0.7263979156173561,,,
196,196,196,196,196,196,196,198,198,198,198,198,198,198,198,198,198,198,198,198,198,198,198,198,198,198,198,98,adulterous,nonslang,3.47e-07,True,165.22665405273438,1.0057276021689177,0.7428585250217421,,,
197,197,197,197,197,197,197,199,199,199,199,199,199,199,199,199,199,199,199,199,199,199,199,199,199,199,199,99,upgrade,nonslang,1.74e-05,True,153.7890625,0.996500935871154,0.7376268912462959,,,
198,198,198,198,198,198,198,200,200,200,200,200,200,200,200,200,200,200,200,200,200,200,200,200,200,200,200,0,zombie,both,8.71e-06,False,,,,152.8357391357422,0.9934900612570345,0.7331077946825735
199,199,199,199,199,199,199,201,201,201,201,201,201,201,201,201,201,201,201,201,201,201,201,201,201,201,201,1,annihilated,both,9.33e-07,False,,,,158.7887725830078,1.0040567088872194,0.7404188329974847
200,200,200,200,200,200,200,202,202,202,202,202,202,202,202,202,202,202,202,202,202,202,202,202,202,202,202,2,grub,both,1.32e-06,False,,,,161.3885955810547,1.000457100541098,0.7404523923000834
201,201,201,201,201,201,201,203,203,203,203,203,203,203,203,203,203,203,203,203,203,203,203,203,203,203,203,3,styling,both,3.02e-06,False,,,,159.15895080566406,1.0022239920217544,0.7445054571178035
202,202,202,202,202,202,202,204,204,204,204,204,204,204,204,204,204,204,204,204,204,204,204,204,204,204,204,4,streak,both,1.15e-05,False,,,,166.46563720703125,1.005134577397257,0.7471821061636922
203,203,203,203,203,203,203,205,205,205,205,205,205,205,205,205,205,205,205,205,205,205,205,205,205,205,205,5,thirsty,both,5.5e-06,False,,,,153.41079711914062,0.9894404886290431,0.7324128206150826
204,204,204,204,204,204,204,206,206,206,206,206,206,206,206,206,206,206,206,206,206,206,206,206,206,206,206,6,bomb,both,3.98e-05,False,,,,156.49688720703125,1.0019169873557985,0.7424090980280863
205,205,205,205,205,205,205,207,207,207,207,207,207,207,207,207,207,207,207,207,207,207,207,207,207,207,207,7,fire,both,0.0002,False,,,,158.6407470703125,0.9973276937380433,0.7407677732402353
206,206,206,206,206,206,206,208,208,208,208,208,208,208,208,208,208,208,208,208,208,208,208,208,208,208,208,8,zounds,both,4.07e-08,False,,,,137.41529846191406,0.9700047504156828,0.7107437586921459
207,207,207,207,207,207,207,209,209,209,209,209,209,209,209,209,209,209,209,209,209,209,209,209,209,209,209,9,freckle,both,2.29e-07,False,,,,149.2046661376953,0.9767433851957321,0.7195211823671082
208,208,208,208,208,208,208,210,210,210,210,210,210,210,210,210,210,210,210,210,210,210,210,210,210,210,210,10,gridlock,both,6.17e-07,False,,,,153.56126403808594,0.9938834165222943,0.7350966135451541
209,209,209,209,209,209,209,211,211,211,211,211,211,211,211,211,211,211,211,211,211,211,211,211,211,211,211,11,crossfade,both,6.31e-08,False,,,,,,
210,210,210,210,210,210,210,212,212,212,212,212,212,212,212,212,212,212,212,212,212,212,212,212,212,212,212,12,kosher,both,1.82e-06,False,,,,160.37501525878906,0.9988841401645914,0.7390326935818236
211,211,211,211,211,211,211,213,213,213,213,213,213,213,213,213,213,213,213,213,213,213,213,213,213,213,213,13,money,both,0.000437,False,,,,153.71014404296875,0.9947277689352632,0.7367423612034567
212,212,212,212,212,212,212,214,214,214,214,214,214,214,214,214,214,214,214,214,214,214,214,214,214,214,214,14,slack-jawed,both,3.32e-07,False,,,,,,
213,213,213,213,213,213,213,215,215,215,215,215,215,215,215,215,215,215,215,215,215,215,215,215,215,215,215,15,ent,both,2.09e-06,False,,,,,,
214,214,214,214,214,214,214,216,216,216,216,216,216,216,216,216,216,216,216,216,216,216,216,216,216,216,216,16,crock,both,1.07e-06,False,,,,156.9940948486328,0.9986391151323915,0.7351435149839475
215,215,215,215,215,215,215,217,217,217,217,217,217,217,217,217,217,217,217,217,217,217,217,217,217,217,217,17,skeeter,both,3.16e-07,False,,,,,,
216,216,216,216,216,216,216,218,218,218,218,218,218,218,218,218,218,218,218,218,218,218,218,218,218,218,218,18,locks,both,8.71e-06,False,,,,159.9839630126953,1.0016979816136882,0.7444167589115739
217,217,217,217,217,217,217,219,219,219,219,219,219,219,219,219,219,219,219,219,219,219,219,219,219,219,219,19,compy,both,1.86e-08,False,,,,,,
218,218,218,218,218,218,218,220,220,220,220,220,220,220,220,220,220,220,220,220,220,220,220,220,220,220,220,20,rad,both,3.16e-06,False,,,,152.6678924560547,0.9860122948884964,0.7297689893997192
219,219,219,219,219,219,219,221,221,221,221,221,221,221,221,221,221,221,221,221,221,221,221,221,221,221,221,21,gag,both,4.27e-06,False,,,,155.8400115966797,0.9990094846580178,0.7400634658215947
220,220,220,220,220,220,220,222,222,222,222,222,222,222,222,222,222,222,222,222,222,222,222,222,222,222,222,22,booty,both,3.89e-06,False,,,,154.74595642089844,0.9903387119993567,0.731376517227188
221,221,221,221,221,221,221,223,223,223,223,223,223,223,223,223,223,223,223,223,223,223,223,223,223,223,223,23,walkie,both,7.079999999999998e-07,False,,,,155.48587036132812,0.989906164817512,0.730146103343722
222,222,222,222,222,222,222,224,224,224,224,224,224,224,224,224,224,224,224,224,224,224,224,224,224,224,224,24,tool,both,3.63e-05,False,,,,154.19619750976562,0.9987910127965733,0.7383493242916035
223,223,223,223,223,223,223,225,225,225,225,225,225,225,225,225,225,225,225,225,225,225,225,225,225,225,225,25,jill,both,6.46e-06,False,,,,144.240234375,0.9746571313589811,0.7192960612342933
224,224,224,224,224,224,224,226,226,226,226,226,226,226,226,226,226,226,226,226,226,226,226,226,226,226,226,26,ratchet,both,1.41e-06,False,,,,158.41403198242188,1.0008209745283239,0.7409017653870167
225,225,225,225,225,225,225,227,227,227,227,227,227,227,227,227,227,227,227,227,227,227,227,227,227,227,227,27,hell,both,0.000126,False,,,,160.33572387695312,0.9980533197522163,0.737033356903906
226,226,226,226,226,226,226,228,228,228,228,228,228,228,228,228,228,228,228,228,228,228,228,228,228,228,228,28,God,both,0.000372,False,,,,152.61221313476562,0.9861879209056497,0.730895854815696
227,227,227,227,227,227,227,229,229,229,229,229,229,229,229,229,229,229,229,229,229,229,229,229,229,229,229,29,threads,both,7.08e-06,False,,,,156.37669372558594,0.9989100657403469,0.7387190726710847
228,228,228,228,228,228,228,230,230,230,230,230,230,230,230,230,230,230,230,230,230,230,230,230,230,230,230,30,gnarly,both,5.89e-07,False,,,,151.44488525390625,0.9824532214552164,0.7216479788241655
229,229,229,229,229,229,229,231,231,231,231,231,231,231,231,231,231,231,231,231,231,231,231,231,231,231,231,31,bowl,both,4.2700000000000015e-05,False,,,,159.80770874023438,1.0010811432730407,0.7437062134266135
230,230,230,230,230,230,230,232,232,232,232,232,232,232,232,232,232,232,232,232,232,232,232,232,232,232,232,32,sport,both,5.37e-05,False,,,,,,
231,231,231,231,231,231,231,233,233,233,233,233,233,233,233,233,233,233,233,233,233,233,233,233,233,233,233,33,pecker,both,3.310000000000001e-07,False,,,,154.57281494140625,0.9892140831798315,0.7324529329998188
232,232,232,232,232,232,232,234,234,234,234,234,234,234,234,234,234,234,234,234,234,234,234,234,234,234,234,34,swap,both,8.71e-06,False,,,,158.700927734375,1.000449414103059,0.741238111028153
233,233,233,233,233,233,233,235,235,235,235,235,235,235,235,235,235,235,235,235,235,235,235,235,235,235,235,35,book,both,0.000269,False,,,,154.70346069335938,0.9954224908724427,0.7378114122585056
234,234,234,234,234,234,234,236,236,236,236,236,236,236,236,236,236,236,236,236,236,236,236,236,236,236,236,36,screaming,both,2.24e-05,False,,,,155.35084533691406,0.9942849650979042,0.7353966649957757
235,235,235,235,235,235,235,237,237,237,237,237,237,237,237,237,237,237,237,237,237,237,237,237,237,237,237,37,thick,both,2.88e-05,False,,,,157.32699584960938,0.9965785385575145,0.738791936571968
236,236,236,236,236,236,236,238,238,238,238,238,238,238,238,238,238,238,238,238,238,238,238,238,238,238,238,38,foxy,both,1e-06,False,,,,154.18212890625,0.9973658889066428,0.7338141146503074
237,237,237,237,237,237,237,239,239,239,239,239,239,239,239,239,239,239,239,239,239,239,239,239,239,239,239,39,sassy,both,1.62e-06,False,,,,,,
238,238,238,238,238,238,238,240,240,240,240,240,240,240,240,240,240,240,240,240,240,240,240,240,240,240,240,40,scream,both,1.3800000000000007e-05,False,,,,153.3270721435547,0.9891346860677004,0.7315989840556791
239,239,239,239,239,239,239,241,241,241,241,241,241,241,241,241,241,241,241,241,241,241,241,241,241,241,241,41,walk,both,0.00012,False,,,,153.4293670654297,0.9934727908112109,0.7367412770433381
240,240,240,240,240,240,240,242,242,242,242,242,242,242,242,242,242,242,242,242,242,242,242,242,242,242,242,42,eye,both,0.000105,False,,,,164.81918334960938,0.999781105099828,0.7419505973295812
241,241,241,241,241,241,241,243,243,243,243,243,243,243,243,243,243,243,243,243,243,243,243,243,243,243,243,43,roadkill,both,3.63e-07,False,,,,156.51486206054688,0.9931504260748625,0.7346955686991687
242,242,242,242,242,242,242,244,244,244,244,244,244,244,244,244,244,244,244,244,244,244,244,244,244,244,244,44,dirt,both,1.74e-05,False,,,,156.82540893554688,0.99655493022874,0.7379577123084045
243,243,243,243,243,243,243,245,245,245,245,245,245,245,245,245,245,245,245,245,245,245,245,245,245,245,245,45,fat,both,7.08e-05,False,,,,152.01844787597656,0.9894990343600512,0.732126992114833
244,244,244,244,244,244,244,246,246,246,246,246,246,246,246,246,246,246,246,246,246,246,246,246,246,246,246,46,item,both,3.72e-05,False,,,,159.1205596923828,1.000361239304766,0.7397985451528049
245,245,245,245,245,245,245,247,247,247,247,247,247,247,247,247,247,247,247,247,247,247,247,247,247,247,247,47,plums,both,9.33e-07,False,,,,156.86703491210938,0.994401175994426,0.7359942358829762
246,246,246,246,246,246,246,248,248,248,248,248,248,248,248,248,248,248,248,248,248,248,248,248,248,248,248,48,grip,both,1.29e-05,False,,,,159.88002014160156,1.0015565373469144,0.7429530703933391
247,247,247,247,247,247,247,249,249,249,249,249,249,249,249,249,249,249,249,249,249,249,249,249,249,249,249,49,move,both,0.000224,False,,,,155.5613250732422,0.9990851225447841,0.7417124991107407
248,248,248,248,248,248,248,250,250,250,250,250,250,250,250,250,250,250,250,250,250,250,250,250,250,250,250,50,jock,both,2.09e-06,False,,,,151.11508178710938,0.9919355660676956,0.7338960348681636
249,249,249,249,249,249,249,251,251,251,251,251,251,251,251,251,251,251,251,251,251,251,251,251,251,251,251,51,hanger,both,1.74e-06,False,,,,156.0414581298828,0.9966558017767966,0.7389186506260299
250,250,250,250,250,250,250,252,252,252,252,252,252,252,252,252,252,252,252,252,252,252,252,252,252,252,252,52,brains,both,1.17e-05,False,,,,157.03602600097656,0.9943949966691434,0.7357006701402127
251,251,251,251,251,251,251,253,253,253,253,253,253,253,253,253,253,253,253,253,253,253,253,253,253,253,253,53,peace,both,0.000105,False,,,,,,
252,252,252,252,252,252,252,254,254,254,254,254,254,254,254,254,254,254,254,254,254,254,254,254,254,254,254,54,mine,both,0.00011,False,,,,151.1663818359375,0.9810390472412109,0.7258416150599077
253,253,253,253,253,253,253,255,255,255,255,255,255,255,255,255,255,255,255,255,255,255,255,255,255,255,255,55,pinch,both,5.75e-06,False,,,,160.49391174316406,0.9987109736539423,0.7411301544266367
254,254,254,254,254,254,254,256,256,256,256,256,256,256,256,256,256,256,256,256,256,256,256,256,256,256,256,56,tweaker,both,1.41e-07,False,,,,155.43707275390625,0.9928533276543021,0.730684545031948
255,255,255,255,255,255,255,257,257,257,257,257,257,257,257,257,257,257,257,257,257,257,257,257,257,257,257,57,fruitcake,both,2.29e-07,False,,,,148.0969696044922,0.9815323334187269,0.7220821964387317
256,256,256,256,256,256,256,258,258,258,258,258,258,258,258,258,258,258,258,258,258,258,258,258,258,258,258,58,whippet,both,1.78e-07,False,,,,156.1044921875,0.9947278592735529,0.7357970507726644
257,257,257,257,257,257,257,259,259,259,259,259,259,259,259,259,259,259,259,259,259,259,259,259,259,259,259,59,wrecked,both,4.17e-06,False,,,,156.64569091796875,0.9972219755873084,0.7403110837816919
258,258,258,258,258,258,258,260,260,260,260,260,260,260,260,260,260,260,260,260,260,260,260,260,260,260,260,60,kick,both,5.25e-05,False,,,,158.66290283203125,0.997926079435274,0.7412147815315957
259,259,259,259,259,259,259,261,261,261,261,261,261,261,261,261,261,261,261,261,261,261,261,261,261,261,261,61,sausage,both,6.31e-06,False,,,,157.31997680664062,0.9951601377688348,0.7372368406479877
260,260,260,260,260,260,260,262,262,262,262,262,262,262,262,262,262,262,262,262,262,262,262,262,262,262,262,62,pig,both,1.3800000000000007e-05,False,,,,160.38600158691406,0.9979598610661924,0.739329518822627
261,261,261,261,261,261,261,263,263,263,263,263,263,263,263,263,263,263,263,263,263,263,263,263,263,263,263,63,egg,both,2.88e-05,False,,,,161.44410705566406,0.9992498332285322,0.7405499770762946
262,262,262,262,262,262,262,264,264,264,264,264,264,264,264,264,264,264,264,264,264,264,264,264,264,264,264,64,peeper,both,7.59e-08,False,,,,152.52748107910156,0.9905181229114532,0.7317248599957928
263,263,263,263,263,263,263,265,265,265,265,265,265,265,265,265,265,265,265,265,265,265,265,265,265,265,265,65,head,both,0.000324,False,,,,163.14498901367188,1.0000869222203619,0.7415474940248357
264,264,264,264,264,264,264,266,266,266,266,266,266,266,266,266,266,266,266,266,266,266,266,266,266,266,266,66,mule,both,2.75e-06,False,,,,157.869873046875,0.9951988467946649,0.738235799225191
265,265,265,265,265,265,265,267,267,267,267,267,267,267,267,267,267,267,267,267,267,267,267,267,267,267,267,67,fence,both,1.62e-05,False,,,,163.1312255859375,1.0039662765339017,0.7414307254897216
266,266,266,266,266,266,266,268,268,268,268,268,268,268,268,268,268,268,268,268,268,268,268,268,268,268,268,68,gumby,both,1.55e-07,False,,,,152.83685302734375,0.9945590156130493,0.7286142615682969
267,267,267,267,267,267,267,269,269,269,269,269,269,269,269,269,269,269,269,269,269,269,269,269,269,269,269,69,fluffer,both,6.92e-08,False,,,,146.35726928710938,0.979447765275836,0.7229657030975781
268,268,268,268,268,268,268,270,270,270,270,270,270,270,270,270,270,270,270,270,270,270,270,270,270,270,270,70,toots,both,4.07e-07,False,,,,150.08819580078125,0.9818802587687969,0.7272024719877278
269,269,269,269,269,269,269,271,271,271,271,271,271,271,271,271,271,271,271,271,271,271,271,271,271,271,271,71,classic,both,5.25e-05,False,,,,156.22410583496094,1.0020886319689453,0.7432529660270523
270,270,270,270,270,270,270,272,272,272,272,272,272,272,272,272,272,272,272,272,272,272,272,272,272,272,272,72,bloody,both,1.91e-05,False,,,,155.31797790527344,0.9922915645875037,0.7343294314616526
271,271,271,271,271,271,271,273,273,273,273,273,273,273,273,273,273,273,273,273,273,273,273,273,273,273,273,73,stat,both,8.91e-06,False,,,,156.96942138671875,0.999520544486586,0.7405265515252235
272,272,272,272,272,272,272,274,274,274,274,274,274,274,274,274,274,274,274,274,274,274,274,274,274,274,274,74,stew,both,3.02e-06,False,,,,157.85215759277344,0.9972414057701826,0.7406548377179552
273,273,273,273,273,273,273,275,275,275,275,275,275,275,275,275,275,275,275,275,275,275,275,275,275,275,275,75,dim,both,4.17e-06,False,,,,158.49359130859375,0.9988294936483726,0.7412915760173708
274,274,274,274,274,274,274,276,276,276,276,276,276,276,276,276,276,276,276,276,276,276,276,276,276,276,276,76,postal,both,8.71e-06,False,,,,155.44012451171875,0.9967784057371318,0.7355791504584852
275,275,275,275,275,275,275,277,277,277,277,277,277,277,277,277,277,277,277,277,277,277,277,277,277,277,277,77,gig,both,9.55e-06,False,,,,154.87110900878906,1.0044539608061314,0.7420682345481914
276,276,276,276,276,276,276,278,278,278,278,278,278,278,278,278,278,278,278,278,278,278,278,278,278,278,278,78,beef,both,1.95e-05,False,,,,161.31689453125,1.0009535211720504,0.7427699935462836
277,277,277,277,277,277,277,279,279,279,279,279,279,279,279,279,279,279,279,279,279,279,279,279,279,279,279,79,decompress,both,2.95e-07,False,,,,153.9895477294922,0.9873797800391912,0.7243663428043934
278,278,278,278,278,278,278,280,280,280,280,280,280,280,280,280,280,280,280,280,280,280,280,280,280,280,280,80,bookmark,both,1.1e-06,False,,,,157.89505004882812,0.9952801638282835,0.7361551964354404
279,279,279,279,279,279,279,281,281,281,281,281,281,281,281,281,281,281,281,281,281,281,281,281,281,281,281,81,chicken,both,4.2700000000000015e-05,False,,,,156.34364318847656,0.9930052161216736,0.7356979507706847
280,280,280,280,280,280,280,282,282,282,282,282,282,282,282,282,282,282,282,282,282,282,282,282,282,282,282,82,squawk,both,2.63e-07,False,,,,170.09274291992188,1.040476780384779,0.764784685359416
281,281,281,281,281,281,281,283,283,283,283,283,283,283,283,283,283,283,283,283,283,283,283,283,283,283,283,83,peckish,both,1.05e-07,False,,,,152.40211486816406,0.9798343796283007,0.7217540454378031
282,282,282,282,282,282,282,284,284,284,284,284,284,284,284,284,284,284,284,284,284,284,284,284,284,284,284,84,split,both,4.47e-05,False,,,,159.1937255859375,1.0009409982594661,0.7437328867310158
283,283,283,283,283,283,283,285,285,285,285,285,285,285,285,285,285,285,285,285,285,285,285,285,285,285,285,85,dose,both,1.58e-05,False,,,,155.30252075195312,0.9939940087497234,0.7349803515644572
284,284,284,284,284,284,284,286,286,286,286,286,286,286,286,286,286,286,286,286,286,286,286,286,286,286,286,86,scoot,both,6.17e-07,False,,,,153.4098663330078,0.9867503559216857,0.7305155031972157
285,285,285,285,285,285,285,287,287,287,287,287,287,287,287,287,287,287,287,287,287,287,287,287,287,287,287,87,mad,both,5.5e-05,False,,,,161.97390747070312,1.0006370576447807,0.7424238890167263
286,286,286,286,286,286,286,288,288,288,288,288,288,288,288,288,288,288,288,288,288,288,288,288,288,288,288,88,bastard,both,7.76e-06,False,,,,153.27005004882812,0.9907567463815212,0.7321103404473287
287,287,287,287,287,287,287,289,289,289,289,289,289,289,289,289,289,289,289,289,289,289,289,289,289,289,289,89,bounce,both,1.05e-05,False,,,,160.5279998779297,1.0018021903233603,0.7454496277640233
288,288,288,288,288,288,288,290,290,290,290,290,290,290,290,290,290,290,290,290,290,290,290,290,290,290,290,90,candle,both,7.59e-06,False,,,,161.6044921875,1.0016845084028319,0.7426054261102841
289,289,289,289,289,289,289,291,291,291,291,291,291,291,291,291,291,291,291,291,291,291,291,291,291,291,291,91,scissor,both,8.13e-07,False,,,,156.68551635742188,0.9936460433527827,0.7353539436797827
290,290,290,290,290,290,290,292,292,292,292,292,292,292,292,292,292,292,292,292,292,292,292,292,292,292,292,92,windy,both,3.72e-06,False,,,,156.7058563232422,0.9886816078796983,0.7279835405130723
291,291,291,291,291,291,291,293,293,293,293,293,293,293,293,293,293,293,293,293,293,293,293,293,293,293,293,93,balling,both,5.75e-07,False,,,,156.3114013671875,0.9943824629299343,0.7337853959388491
292,292,292,292,292,292,292,294,294,294,294,294,294,294,294,294,294,294,294,294,294,294,294,294,294,294,294,94,jammed,both,2.19e-06,False,,,,155.39398193359375,0.9976901912596077,0.7412397225214504
293,293,293,293,293,293,293,295,295,295,295,295,295,295,295,295,295,295,295,295,295,295,295,295,295,295,295,95,sneak,both,9.77e-06,False,,,,166.43751525878906,1.0024124328047037,0.7417770503434096
294,294,294,294,294,294,294,296,296,296,296,296,296,296,296,296,296,296,296,296,296,296,296,296,296,296,296,96,ghost,both,2.63e-05,False,,,,152.492919921875,0.9944624174386263,0.7371677078014358
295,295,295,295,295,295,295,297,297,297,297,297,297,297,297,297,297,297,297,297,297,297,297,297,297,297,297,97,hitter,both,3.16e-06,False,,,,163.9082794189453,1.0051988712511957,0.7463507141378756
296,296,296,296,296,296,296,298,298,298,298,298,298,298,298,298,298,298,298,298,298,298,298,298,298,298,298,98,smoked,both,8.32e-06,False,,,,157.05812072753906,0.9987269248813391,0.7396404167592865
297,297,297,297,297,297,297,299,299,299,299,299,299,299,299,299,299,299,299,299,299,299,299,299,299,299,299,99,down,both,0.000759,False,,,,161.40016174316406,1.002548820571974,0.7445999713925914
298,298,298,298,298,298,298,300,300,300,300,300,300,300,300,300,300,300,300,300,300,300,300,300,300,300,300,100,haircut,nonslang,5.01e-06,True,147.92295837402344,0.9734749495983124,0.7152936630916207,,,
299,299,299,299,299,299,299,301,301,301,301,301,301,301,301,301,301,301,301,301,301,301,301,301,301,301,301,101,inclusive,nonslang,9.33e-06,True,170.2422332763672,1.0159039665013552,0.7516323567736438,,,
300,300,300,300,300,300,300,302,302,302,302,302,302,302,302,302,302,302,302,302,302,302,302,302,302,302,302,102,they,nonslang,0.00316,True,145.5176239013672,0.9812637846916914,0.7261245278728876,,,
301,301,301,301,301,301,301,303,303,303,303,303,303,303,303,303,303,303,303,303,303,303,303,303,303,303,303,103,performative,nonslang,4.270000000000001e-07,True,158.66439819335938,1.0003627820988186,0.7385203418114406,,,
302,302,302,302,301,301,301,303,303,303,303,303,303,303,303,303,303,303,303,303,303,303,303,303,303,303,303,103,lowkey,slang,5.5e-07,True,149.343017578125,0.985981060191989,0.7271502406701991,,,
303,303,303,303,301,301,301,303,303,303,303,303,303,303,303,303,303,303,303,303,303,303,303,303,303,303,303,103,chillax,slang,1.51e-07,True,155.4275665283203,0.9913997566327452,0.7320791722152504,,,
304,304,304,304,301,301,301,303,303,303,303,303,303,303,303,303,303,303,303,303,303,303,303,303,303,303,303,103,bling,slang,1.62e-06,True,160.11175537109375,1.0079788295552137,0.7452511085572637,,,
